{
  "episodes": [
    0,
    1,
    2,
    3,
    4,
    5,
    6,
    7,
    8,
    9,
    10,
    11,
    12,
    13,
    14,
    15,
    16,
    17,
    18,
    19,
    20,
    21,
    22,
    23,
    24,
    25,
    26,
    27,
    28,
    29
  ],
  "rewards": [
    2.007,
    2.149,
    2.007,
    2.309,
    2.199,
    2.007,
    2.007,
    2.309,
    2.149,
    2.3890000000000002,
    2.149,
    2.007,
    2.149,
    2.007,
    2.149,
    2.3890000000000002,
    2.3890000000000002,
    2.309,
    2.199,
    2.007,
    2.199,
    2.007,
    2.199,
    2.007,
    2.149,
    2.3890000000000002,
    2.007,
    2.007,
    2.309,
    2.007
  ],
  "num_steps": [
    3,
    3,
    3,
    3,
    3,
    3,
    3,
    3,
    3,
    3,
    3,
    3,
    3,
    3,
    3,
    3,
    3,
    3,
    3,
    3,
    3,
    3,
    3,
    3,
    3,
    3,
    3,
    3,
    3,
    3
  ],
  "best_reward": 2.3890000000000002
}