{
  "episodes": [
    0,
    1,
    2,
    3,
    4,
    5,
    6,
    7,
    8,
    9,
    10,
    11,
    12,
    13,
    14,
    15,
    16,
    17,
    18,
    19,
    20,
    21,
    22,
    23,
    24,
    25,
    26,
    27,
    28,
    29
  ],
  "rewards": [
    4.154243258107185,
    3.9811544938024923,
    4.425596544210368,
    3.9811544938024923,
    4.317982276012434,
    4.285404997614741,
    0.05,
    0.05,
    0.05,
    3.9811544938024923,
    4.425596544210368,
    4.237347653417044,
    4.154243258107185,
    4.154243258107185,
    4.154243258107185,
    4.237347653417044,
    4.425596544210368,
    3.9811544938024923,
    4.285404997614741,
    4.317982276012434,
    0.05,
    4.154243258107185,
    4.425596544210368,
    4.425596544210368,
    4.317982276012434,
    3.9811544938024923,
    4.317982276012434,
    0.05,
    0.05,
    3.9811544938024923
  ],
  "num_steps": [
    5,
    5,
    5,
    5,
    5,
    5,
    5,
    5,
    5,
    5,
    5,
    5,
    5,
    5,
    5,
    5,
    5,
    5,
    5,
    5,
    5,
    5,
    5,
    5,
    5,
    5,
    5,
    5,
    5,
    5
  ],
  "best_reward": 4.425596544210368
}