{
  "episodes": [
    0,
    1,
    2,
    3,
    4,
    5,
    6,
    7,
    8,
    9,
    10,
    11,
    12,
    13,
    14,
    15,
    16,
    17,
    18,
    19,
    20,
    21,
    22,
    23,
    24,
    25,
    26,
    27,
    28,
    29
  ],
  "rewards": [
    1.76586875,
    1.7713999999999999,
    3.44827109375,
    2.6079265625,
    2.6066416666666665,
    3.44827109375,
    2.6079265625,
    1.76586875,
    2.6066416666666665,
    2.60783515625,
    2.63123125,
    2.60783515625,
    2.60783515625,
    2.6079265625,
    1.76586875,
    2.6079265625,
    2.63123125,
    2.6066416666666665,
    1.76586875,
    1.76586875,
    3.44827109375,
    3.44827109375,
    2.6079265625,
    1.7713999999999999,
    1.76586875,
    2.6079265625,
    2.6066416666666665,
    2.6066416666666665,
    2.63123125,
    2.60783515625
  ],
  "num_steps": [
    2,
    2,
    4,
    3,
    3,
    4,
    3,
    2,
    3,
    3,
    3,
    3,
    3,
    3,
    2,
    3,
    3,
    3,
    2,
    2,
    4,
    4,
    3,
    2,
    2,
    3,
    3,
    3,
    3,
    3
  ],
  "best_reward": 3.44827109375
}