{
  "episodes": [
    0,
    1,
    2,
    3,
    4,
    5,
    6,
    7,
    8,
    9,
    10,
    11,
    12,
    13,
    14,
    15,
    16,
    17,
    18,
    19
  ],
  "rewards": [
    2.63123125,
    1.76586875,
    1.7713999999999999,
    1.7713999999999999,
    1.7713999999999999,
    2.60783515625,
    2.6079265625,
    2.6079265625,
    2.6066416666666665,
    3.44827109375,
    3.44827109375,
    2.6079265625,
    2.60783515625,
    2.6066416666666665,
    2.6079265625,
    1.7713999999999999,
    2.6079265625,
    3.44827109375,
    1.7713999999999999,
    2.63123125
  ],
  "avg_step_rewards": [
    0.8770770833333333,
    0.882934375,
    0.8856999999999999,
    0.8856999999999999,
    0.8856999999999999,
    0.8692783854166667,
    0.8693088541666666,
    0.8693088541666666,
    0.8688805555555555,
    0.8620677734375,
    0.8620677734375,
    0.8693088541666666,
    0.8692783854166667,
    0.8688805555555555,
    0.8693088541666666,
    0.8856999999999999,
    0.8693088541666666,
    0.8620677734375,
    0.8856999999999999,
    0.8770770833333333
  ],
  "final_step_rewards": [
    0.908065625,
    0.907803125,
    0.8956999999999999,
    0.8956999999999999,
    0.8956999999999999,
    0.89504375,
    0.9004015625,
    0.9004015625,
    0.9063916666666667,
    0.894850390625,
    0.894850390625,
    0.9004015625,
    0.89504375,
    0.9063916666666667,
    0.9004015625,
    0.8956999999999999,
    0.9004015625,
    0.894850390625,
    0.8956999999999999,
    0.908065625
  ],
  "num_steps": [
    3,
    2,
    2,
    2,
    2,
    3,
    3,
    3,
    3,
    4,
    4,
    3,
    3,
    3,
    3,
    2,
    3,
    4,
    2,
    3
  ],
  "best_reward": 3.44827109375,
  "successes": 20
}