{
  "episodes": [
    0,
    1,
    2,
    3,
    4
  ],
  "rewards": [
    1.7713999999999999,
    2.60783515625,
    3.44827109375,
    2.6079265625,
    1.7713999999999999
  ],
  "avg_step_rewards": [
    0.8856999999999999,
    0.8692783854166667,
    0.8620677734375,
    0.8693088541666666,
    0.8856999999999999
  ],
  "final_step_rewards": [
    0.8956999999999999,
    0.89504375,
    0.894850390625,
    0.9004015625,
    0.8956999999999999
  ],
  "num_steps": [
    2,
    3,
    4,
    3,
    2
  ],
  "best_reward": 3.44827109375,
  "successes": 5
}