{
  "episodes": [
    0,
    1
  ],
  "rewards": [
    1.9889999999999999,
    1.9889999999999999
  ],
  "num_steps": [
    2,
    2
  ],
  "best_reward": 1.9889999999999999
}